rank,team_name,validation_f1_ideal,validation_f1_perturbed,robustness_gap
1,Idrees_Bhat,0.7194421657095981,0.6570959803117309,0.06234618539786718
2,Hadil AFFES,0.6994421657095981, 0.6670959803117309,0.0323461853978672
3, Vinit Singroha,0.6894421657095981,0.6870959803117309,0.0023461853978672
